{
  "mean": [
    1.382209062576294,
    0.004676904063671827,
    0.0010001781629398465,
    0.9021457433700562,
    0.111261285841465,
    0.5471088290214539
  ],
  "std": [
    0.06943679600954056,
    0.005962017923593521,
    0.003140521701425314,
    0.8890632390975952,
    0.06362342834472656,
    0.549927830696106
  ],
  "coef": [
    0.385755180764538,
    0.4181514679319657,
    -2.328170694748089,
    0.5694206714371027,
    -0.5105893548444003,
    -0.3790978095634585
  ],
  "intercept": -0.15673237811220042,
  "feature_names": [
    "moire_peak_ratio",
    "hf_energy_ratio",
    "specular_fraction",
    "border_line_score",
    "banding_score",
    "laplacian_var_norm"
  ],
  "cv_accuracy": 0.7625,
  "n_train": 80
}